date,amount,recovered,avg,sum,coronaEvents,recovered_cum,recoveredAvg
2020-02-12T00:00:00.000Z,0,0,,8,,106,
2020-02-13T00:00:00.000Z,0,0,0,8,,106,0
2020-02-14T00:00:00.000Z,0,0,0,8,,106,0
2020-02-15T00:00:00.000Z,0,0,0,8,,106,0
2020-02-16T00:00:00.000Z,0,0,0,8,,106,0
2020-02-17T00:00:00.000Z,0,0,0,8,,106,0
2020-02-18T00:00:00.000Z,0,0,0,8,,106,0
2020-02-19T00:00:00.000Z,0,0,0,8,,106,0
2020-02-20T00:00:00.000Z,0,1,0,8,,107,0
2020-02-21T00:00:00.000Z,1,0,0,9,,107,0
2020-02-22T00:00:00.000Z,0,0,0,9,,107,0
2020-02-23T00:00:00.000Z,0,0,0,9,,107,0
2020-02-24T00:00:00.000Z,1,0,0,10,,107,0
2020-02-25T00:00:00.000Z,0,0,0,10,,107,0
2020-02-26T00:00:00.000Z,0,0,0,10,,107,0
2020-02-27T00:00:00.000Z,1,0,0,11,,107,0
2020-02-28T00:00:00.000Z,3,0,0,14,,107,0
2020-02-29T00:00:00.000Z,0,0,0,14,,107,0
2020-03-01T00:00:00.000Z,1,0,0,15,,107,0
2020-03-02T00:00:00.000Z,5,0,0,20,,107,0
2020-03-03T00:00:00.000Z,3,0,1,23,,107,0
2020-03-04T00:00:00.000Z,0,0,1,23,,107,0
2020-03-05T00:00:00.000Z,9,0,1,32,,107,0
2020-03-06T00:00:00.000Z,4,0,3,36,,107,0
2020-03-07T00:00:00.000Z,4,0,3,40,,107,0
2020-03-08T00:00:00.000Z,9,0,3,49,,107,0
2020-03-09T00:00:00.000Z,4,0,4,53,,107,0
2020-03-10T00:00:00.000Z,33,0,4,86,,107,0
2020-03-11T00:00:00.000Z,18,0,9,104,,107,0
2020-03-12T00:00:00.000Z,23,0,11,127,,107,0
2020-03-13T00:00:00.000Z,35,1,13,162,,108,0
2020-03-14T00:00:00.000Z,29,0,18,191,סגר ראשון ,108,0
2020-03-15T00:00:00.000Z,40,0,21,231,,108,0
2020-03-16T00:00:00.000Z,73,0,26,304,,108,0
2020-03-17T00:00:00.000Z,94,2,35,398,,110,0
2020-03-18T00:00:00.000Z,125,2,44,523,,112,0
2020-03-19T00:00:00.000Z,135,4,59,658,,116,0
2020-03-20T00:00:00.000Z,168,1,75,826,,117,1
2020-03-21T00:00:00.000Z,209,0,94,1035,,117,1
2020-03-22T00:00:00.000Z,252,5,120,1287,,122,1
2020-03-23T00:00:00.000Z,349,5,150,1636,,127,2
2020-03-24T00:00:00.000Z,418,5,190,2054,,132,2
2020-03-25T00:00:00.000Z,423,6,236,2477,,138,3
2020-03-26T00:00:00.000Z,519,9,279,2996,,147,3
2020-03-27T00:00:00.000Z,431,18,334,3427,,165,4
2020-03-28T00:00:00.000Z,476,9,371,3903,,174,6
2020-03-29T00:00:00.000Z,528,14,409,4431,,188,8
2020-03-30T00:00:00.000Z,549,33,449,4980,,221,9
2020-03-31T00:00:00.000Z,737,43,477,5717,,264,13
2020-04-01T00:00:00.000Z,693,32,523,6410,,296,18
2020-04-02T00:00:00.000Z,724,77,561,7134,,373,22
2020-04-03T00:00:00.000Z,600,54,591,7734,,427,32
2020-04-04T00:00:00.000Z,427,52,615,8161,,479,37
2020-04-05T00:00:00.000Z,584,100,608,8745,,579,43
2020-04-06T00:00:00.000Z,449,118,616,9194,,697,55
2020-04-07T00:00:00.000Z,376,120,602,9570,,817,68
2020-04-08T00:00:00.000Z,340,105,550,9910,,922,79
2020-04-09T00:00:00.000Z,340,110,500,10250,,1032,89
2020-04-10T00:00:00.000Z,355,123,445,10605,,1155,94
2020-04-11T00:00:00.000Z,342,120,410,10947,,1275,104
2020-04-12T00:00:00.000Z,551,258,398,11498,,1533,113
2020-04-13T00:00:00.000Z,437,277,393,11935,,1810,136
2020-04-14T00:00:00.000Z,393,284,391,12328,,2094,159
2020-04-15T00:00:00.000Z,305,275,394,12633,,2369,182
2020-04-16T00:00:00.000Z,296,328,389,12929,,2697,206
2020-04-17T00:00:00.000Z,297,355,382,13226,,3052,237
2020-04-18T00:00:00.000Z,288,249,374,13514,,3301,271
2020-04-19T00:00:00.000Z,274,379,366,13788,פתיחת משק חלקית לאחר סגר ראשון,3680,289
2020-04-20T00:00:00.000Z,297,447,327,14085,,4127,306
2020-04-21T00:00:00.000Z,279,371,307,14364,,4498,331
2020-04-22T00:00:00.000Z,226,390,290,14590,,4888,343
2020-04-23T00:00:00.000Z,274,326,279,14864,,5214,359
2020-04-24T00:00:00.000Z,250,336,276,15114,,5550,359
2020-04-25T00:00:00.000Z,159,375,269,15273,,5925,356
2020-04-26T00:00:00.000Z,82,429,251,15355,,6354,374
2020-04-27T00:00:00.000Z,127,466,223,15482,,6820,382
2020-04-28T00:00:00.000Z,161,564,199,15643,,7384,384
2020-04-29T00:00:00.000Z,82,350,182,15725,,7734,412
2020-04-30T00:00:00.000Z,143,426,162,15868,,8160,406
2020-05-01T00:00:00.000Z,116,422,143,15984,,8582,420
2020-05-02T00:00:00.000Z,57,275,124,16041,,8857,433
2020-05-03T00:00:00.000Z,26,284,109,16067,,9141,418
2020-05-04T00:00:00.000Z,55,257,101,16122,,9398,398
2020-05-05T00:00:00.000Z,33,316,91,16155,,9714,368
2020-05-06T00:00:00.000Z,65,259,73,16220,,9973,332
2020-05-07T00:00:00.000Z,61,224,70,16281,,10197,319
2020-05-08T00:00:00.000Z,33,222,59,16314,,10419,291
2020-05-09T00:00:00.000Z,20,91,47,16334,,10510,262
2020-05-10T00:00:00.000Z,29,168,41,16363,,10678,236
2020-05-11T00:00:00.000Z,39,327,42,16402,,11005,219
2020-05-12T00:00:00.000Z,23,258,40,16425,,11263,229
2020-05-13T00:00:00.000Z,39,176,38,16464,,11439,221
2020-05-14T00:00:00.000Z,22,239,34,16486,,11678,209
2020-05-15T00:00:00.000Z,12,160,29,16498,,11838,211
2020-05-16T00:00:00.000Z,5,101,26,16503,,11939,202
2020-05-17T00:00:00.000Z,15,148,24,16518,,12087,204
2020-05-18T00:00:00.000Z,27,273,22,16545,,12360,201
2020-05-19T00:00:00.000Z,22,150,20,16567,,12510,193
2020-05-20T00:00:00.000Z,15,109,20,16582,,12619,178
2020-05-21T00:00:00.000Z,18,121,16,16600,,12740,168
2020-05-22T00:00:00.000Z,19,161,16,16619,,12901,151
2020-05-23T00:00:00.000Z,5,42,17,16624,,12943,151
2020-05-24T00:00:00.000Z,13,114,17,16637,,13057,143
2020-05-25T00:00:00.000Z,22,132,17,16659,,13189,138
2020-05-26T00:00:00.000Z,50,89,16,16709,,13278,118
2020-05-27T00:00:00.000Z,40,59,20,16749,פתיחת משק מלאה לאחר סגר ראשון,13337,109
2020-05-28T00:00:00.000Z,77,112,23,16826,,13449,102
2020-05-29T00:00:00.000Z,113,39,32,16939,,13488,101
2020-05-30T00:00:00.000Z,29,40,45,16968,,13528,83
2020-05-31T00:00:00.000Z,87,60,49,17055,,13588,83
2020-06-01T00:00:00.000Z,100,67,59,17155,,13655,75
2020-06-02T00:00:00.000Z,122,53,70,17277,,13708,66
2020-06-03T00:00:00.000Z,96,27,81,17373,,13735,61
2020-06-04T00:00:00.000Z,142,42,89,17515,,13777,56
2020-06-05T00:00:00.000Z,127,37,98,17642,,13814,46
2020-06-06T00:00:00.000Z,78,24,100,17720,,13838,46
2020-06-07T00:00:00.000Z,140,42,107,17860,,13880,44
2020-06-08T00:00:00.000Z,179,39,115,18039,,13919,41
2020-06-09T00:00:00.000Z,174,46,126,18213,,13965,37
2020-06-10T00:00:00.000Z,241,51,133,18454,,14016,36
2020-06-11T00:00:00.000Z,193,55,154,18647,,14071,40
2020-06-12T00:00:00.000Z,184,53,161,18831,,14124,42
2020-06-13T00:00:00.000Z,149,41,169,18980,,14165,44
2020-06-14T00:00:00.000Z,137,50,180,19117,,14215,46
2020-06-15T00:00:00.000Z,200,88,179,19317,,14303,47
2020-06-16T00:00:00.000Z,297,51,182,19614,,14354,54
2020-06-17T00:00:00.000Z,268,48,200,19882,,14402,55
2020-06-18T00:00:00.000Z,303,50,204,20185,,14452,55
2020-06-19T00:00:00.000Z,311,57,219,20496,,14509,54
2020-06-20T00:00:00.000Z,160,37,237,20656,,14546,55
2020-06-21T00:00:00.000Z,174,49,239,20830,,14595,54
2020-06-22T00:00:00.000Z,344,60,244,21174,,14655,54
2020-06-23T00:00:00.000Z,452,84,265,21626,,14739,50
2020-06-24T00:00:00.000Z,485,72,287,22111,,14811,55
2020-06-25T00:00:00.000Z,516,76,318,22627,,14887,58
2020-06-26T00:00:00.000Z,464,130,348,23091,,15017,62
2020-06-27T00:00:00.000Z,397,50,370,23488,,15067,72
2020-06-28T00:00:00.000Z,383,139,404,23871,,15206,74
2020-06-29T00:00:00.000Z,759,166,434,24630,,15372,87
2020-06-30T00:00:00.000Z,789,127,493,25419,,15499,102
2020-07-01T00:00:00.000Z,966,98,541,26385,,15597,108
2020-07-02T00:00:00.000Z,1154,124,610,27539,,15721,112
2020-07-03T00:00:00.000Z,941,119,701,28480,,15840,119
2020-07-04T00:00:00.000Z,819,76,769,29299,,15916,117
2020-07-05T00:00:00.000Z,825,143,830,30124,,16059,121
2020-07-06T00:00:00.000Z,1128,193,893,31252,,16252,121
2020-07-07T00:00:00.000Z,1383,172,946,32635,,16424,125
2020-07-08T00:00:00.000Z,1329,225,1030,33964,,16649,132
2020-07-09T00:00:00.000Z,1520,225,1082,35484,,16874,150
2020-07-10T00:00:00.000Z,1404,211,1135,36888,,17085,164
2020-07-11T00:00:00.000Z,1168,191,1201,38056,,17276,177
2020-07-12T00:00:00.000Z,1236,336,1251,39292,,17612,194
2020-07-13T00:00:00.000Z,1716,361,1309,41008,,17973,221
2020-07-14T00:00:00.000Z,1601,313,1393,42609,,18286,245
2020-07-15T00:00:00.000Z,1873,361,1424,44482,,18647,266
2020-07-16T00:00:00.000Z,1936,508,1502,46418,,19155,285
2020-07-17T00:00:00.000Z,1601,481,1562,48019,,19636,325
2020-07-18T00:00:00.000Z,1444,447,1590,49463,,20083,364
2020-07-19T00:00:00.000Z,1016,516,1629,50479,,20599,401
2020-07-20T00:00:00.000Z,1886,625,1598,52365,,21224,426
2020-07-21T00:00:00.000Z,2004,640,1622,54369,,21864,464
2020-07-22T00:00:00.000Z,2039,3700,1680,56408,,25564,511
2020-07-23T00:00:00.000Z,1987,6696,1703,58395,,32260,988
2020-07-24T00:00:00.000Z,1824,1587,1711,60219,,33847,1872
2020-07-25T00:00:00.000Z,1110,587,1742,61329,,34434,2030
2020-07-26T00:00:00.000Z,1040,2717,1695,62369,,37151,2050
2020-07-27T00:00:00.000Z,2048,1752,1698,64417,,38903,2364
2020-07-28T00:00:00.000Z,2120,1547,1721,66537,,40450,2525
2020-07-29T00:00:00.000Z,1957,1392,1738,68494,,41842,2655
2020-07-30T00:00:00.000Z,1786,1675,1726,70280,,43517,2325
2020-07-31T00:00:00.000Z,1359,1292,1697,71639,,44809,1608
2020-08-01T00:00:00.000Z,622,532,1631,72261,,45341,1566
2020-08-02T00:00:00.000Z,708,2424,1561,72969,,47765,1558
2020-08-03T00:00:00.000Z,1799,1776,1514,74768,,49541,1516
2020-08-04T00:00:00.000Z,1724,1640,1478,76492,,51181,1519
2020-08-05T00:00:00.000Z,1686,1476,1422,78178,,52657,1533
2020-08-06T00:00:00.000Z,1675,1741,1383,79853,,54398,1545
2020-08-07T00:00:00.000Z,1760,1205,1367,81613,,55603,1554
2020-08-08T00:00:00.000Z,754,603,1424,82367,,56206,1542
2020-08-09T00:00:00.000Z,922,2323,1443,83289,,58529,1552
2020-08-10T00:00:00.000Z,1696,1390,1474,84985,,59919,1537
2020-08-11T00:00:00.000Z,1822,984,1459,86807,,60903,1482
2020-08-12T00:00:00.000Z,1615,1132,1473,88422,,62035,1388
2020-08-13T00:00:00.000Z,1640,1301,1463,90062,,63336,1339
2020-08-14T00:00:00.000Z,1389,985,1458,91451,,64321,1276
2020-08-15T00:00:00.000Z,754,566,1405,92205,,64887,1245
2020-08-16T00:00:00.000Z,1069,2212,1405,93274,,67099,1240
2020-08-17T00:00:00.000Z,1649,1184,1426,94923,,68283,1224
2020-08-18T00:00:00.000Z,1647,1114,1419,96570,,69397,1194
2020-08-19T00:00:00.000Z,1638,1467,1394,98208,,70864,1213
2020-08-20T00:00:00.000Z,1485,1424,1398,99693,,72288,1261
2020-08-21T00:00:00.000Z,1491,1035,1375,101184,,73323,1278
2020-08-22T00:00:00.000Z,710,662,1390,101894,,73985,1286
2020-08-23T00:00:00.000Z,964,2108,1384,102858,,76093,1299
2020-08-24T00:00:00.000Z,1901,1395,1369,104759,,77488,1284
2020-08-25T00:00:00.000Z,1957,791,1405,106716,,78279,1315
2020-08-26T00:00:00.000Z,1984,3627,1449,108700,,81906,1268
2020-08-27T00:00:00.000Z,2106,1508,1498,110806,,83414,1577
2020-08-28T00:00:00.000Z,1833,1831,1587,112639,,85245,1589
2020-08-29T00:00:00.000Z,908,706,1636,113547,,85951,1703
2020-08-30T00:00:00.000Z,1099,2249,1664,114646,,88200,1709
2020-08-31T00:00:00.000Z,2171,1463,1684,116817,,89663,1729
2020-09-01T00:00:00.000Z,2254,1006,1722,119071,,90669,1739
2020-09-02T00:00:00.000Z,3193,1392,1765,122264,,92061,1770
2020-09-03T00:00:00.000Z,2665,1792,1937,124929,,93853,1450
2020-09-04T00:00:00.000Z,2623,1187,2017,127552,,95040,1491
2020-09-05T00:00:00.000Z,1504,882,2130,129056,,95922,1399
2020-09-06T00:00:00.000Z,2176,2389,2215,131232,,98311,1424
2020-09-07T00:00:00.000Z,3385,1589,2369,134617,,99900,1444
2020-09-08T00:00:00.000Z,3487,1422,2542,138104,,101322,1462
2020-09-09T00:00:00.000Z,3991,1460,2719,142095,,102782,1521
2020-09-10T00:00:00.000Z,4152,1971,2833,146247,,104753,1531
2020-09-11T00:00:00.000Z,3972,1765,3045,150219,,106518,1557
2020-09-12T00:00:00.000Z,2718,1258,3238,152937,,107776,1639
2020-09-13T00:00:00.000Z,3172,3258,3411,156109,,111034,1693
2020-09-14T00:00:00.000Z,4803,2389,3553,160912,,113423,1817
2020-09-15T00:00:00.000Z,5528,2257,3756,166440,,115680,1931
2020-09-16T00:00:00.000Z,4566,2783,4048,171006,,118463,2051
2020-09-17T00:00:00.000Z,5377,3698,4130,176383,,122161,2240
2020-09-18T00:00:00.000Z,5333,2828,4305,181716,סגר שני,124989,2486
2020-09-19T00:00:00.000Z,3809,1433,4499,185525,,126422,2638
2020-09-20T00:00:00.000Z,2576,2465,4655,188101,,128887,2663
2020-09-21T00:00:00.000Z,3869,4636,4570,191970,,133523,2550
2020-09-22T00:00:00.000Z,7018,3500,4436,198988,,137023,2871
2020-09-23T00:00:00.000Z,7142,3803,4649,206130,,140826,3049
2020-09-24T00:00:00.000Z,8257,4567,5017,214387,,145393,3194
2020-09-25T00:00:00.000Z,8385,4119,5429,222772,,149512,3318
2020-09-26T00:00:00.000Z,5880,2388,5865,228652,,151900,3503
2020-09-27T00:00:00.000Z,3436,5661,6161,232088,,157561,3639
2020-09-28T00:00:00.000Z,1153,2161,6283,233241,,159722,4096
2020-09-29T00:00:00.000Z,4988,5759,5895,238229,,165481,3742
2020-09-30T00:00:00.000Z,9051,5095,5605,247280,,170576,4065
2020-10-01T00:00:00.000Z,7718,5743,5878,254998,,176319,4250
2020-10-02T00:00:00.000Z,7053,5563,5801,262051,,181882,4418
2020-10-03T00:00:00.000Z,2593,3478,5611,264644,,185360,4624
2020-10-04T00:00:00.000Z,2931,8093,5141,267575,,193453,4780
2020-10-05T00:00:00.000Z,5700,6935,5069,273275,,200388,5127
2020-10-06T00:00:00.000Z,4717,6388,5719,277992,,206776,5809
2020-10-07T00:00:00.000Z,4152,4880,5680,282144,,211656,5899
2020-10-08T00:00:00.000Z,3752,4782,4980,285896,,216438,5868
2020-10-09T00:00:00.000Z,2954,5079,4414,288850,,221517,5731
2020-10-10T00:00:00.000Z,915,3775,3828,289765,,225292,5662
2020-10-11T00:00:00.000Z,1638,7526,3588,291403,,232818,5704
2020-10-12T00:00:00.000Z,3154,5496,3404,294557,,238314,5623
2020-10-13T00:00:00.000Z,2335,5698,3040,296892,,244012,5418
2020-10-14T00:00:00.000Z,2117,5816,2700,299009,,249828,5319
2020-10-15T00:00:00.000Z,1609,5393,2409,300618,,255221,5453
2020-10-16T00:00:00.000Z,1496,3469,2103,302114,,258690,5540
2020-10-17T00:00:00.000Z,410,2499,1894,302524,,261189,5310
2020-10-18T00:00:00.000Z,921,4881,1822,303445,פתיחת סגר שני,266070,5128
2020-10-19T00:00:00.000Z,1516,2320,1720,304961,,268390,4750
2020-10-20T00:00:00.000Z,1192,1785,1486,306153,,270175,4296
2020-10-21T00:00:00.000Z,1169,3107,1323,307322,,273282,3737
2020-10-22T00:00:00.000Z,1031,3094,1187,308353,,276376,3350
2020-10-23T00:00:00.000Z,849,2421,1105,309202,,278797,3022
2020-10-24T00:00:00.000Z,247,1294,1012,309449,,280091,2872
2020-10-25T00:00:00.000Z,604,2655,989,310053,,282746,2700
2020-10-26T00:00:00.000Z,883,1280,944,310936,,284026,2382
2020-10-27T00:00:00.000Z,885,951,853,311821,,284977,2233
2020-10-28T00:00:00.000Z,724,1284,809,312545,,286261,2114
2020-10-29T00:00:00.000Z,647,1434,746,313192,,287695,1854
2020-10-30T00:00:00.000Z,681,1057,691,313873,,288752,1617
2020-10-31T00:00:00.000Z,228,793,667,314101,,289545,1422
2020-11-01T00:00:00.000Z,657,1498,664,314758,,291043,1350
2020-11-02T00:00:00.000Z,792,910,672,315550,,291953,1185
2020-11-03T00:00:00.000Z,844,720,659,316394,,292673,1132
2020-11-04T00:00:00.000Z,769,630,653,317163,,293303,1099
2020-11-05T00:00:00.000Z,568,836,659,317731,,294139,1006
2020-11-06T00:00:00.000Z,688,885,648,318419,,295024,920
2020-11-07T00:00:00.000Z,212,680,649,318631,הקלות סגר שני – פתיחת חנויות רחוב,295704,896
2020-11-08T00:00:00.000Z,535,679,647,319166,,296383,879
2020-11-09T00:00:00.000Z,722,918,629,319888,,297301,762
2020-11-10T00:00:00.000Z,674,335,619,320562,,297636,764
2020-11-11T00:00:00.000Z,768,1078,595,321330,,298714,709
2020-11-12T00:00:00.000Z,836,1199,595,322166,,299913,773
2020-11-13T00:00:00.000Z,760,731,633,322926,,300644,824
2020-11-14T00:00:00.000Z,291,418,643,323217,,301062,802
2020-11-15T00:00:00.000Z,626,960,655,323843,,302022,765
2020-11-16T00:00:00.000Z,874,652,668,324717,,302674,805
2020-11-17T00:00:00.000Z,830,576,689,325547,,303250,767
2020-11-18T00:00:00.000Z,796,788,712,326343,,304038,802
2020-11-19T00:00:00.000Z,770,748,716,327113,,304786,760
2020-11-20T00:00:00.000Z,772,665,706,327885,,305451,696
2020-11-21T00:00:00.000Z,423,446,708,328308,,305897,686
2020-11-22T00:00:00.000Z,763,991,727,329071,,306888,690
2020-11-23T00:00:00.000Z,961,652,746,330032,,307540,695
2020-11-24T00:00:00.000Z,859,540,759,330891,,308080,695
2020-11-25T00:00:00.000Z,1082,837,763,331973,,308917,690
2020-11-26T00:00:00.000Z,1084,918,804,333057,,309835,697
2020-11-27T00:00:00.000Z,1033,677,849,334090,הקלות סגר שני – פיילוט קניונים,310512,721
2020-11-28T00:00:00.000Z,581,411,886,334671,,310923,723
2020-11-29T00:00:00.000Z,1026,1095,909,335697,,312018,718
2020-11-30T00:00:00.000Z,1257,725,946,336954,,312743,732
2020-12-01T00:00:00.000Z,1200,695,988,338154,,313438,743
2020-12-02T00:00:00.000Z,1588,831,1037,339742,,314269,765
2020-12-03T00:00:00.000Z,1448,1419,1109,341190,,315688,764
2020-12-04T00:00:00.000Z,1515,859,1161,342705,,316547,836
2020-12-05T00:00:00.000Z,1000,588,1230,343705,,317135,862
2020-12-06T00:00:00.000Z,1358,1387,1290,345063,,318522,887
2020-12-07T00:00:00.000Z,1864,904,1338,346927,,319426,929
2020-12-08T00:00:00.000Z,1769,889,1424,348696,,320315,954
2020-12-09T00:00:00.000Z,1869,1021,1506,350565,,321336,982
2020-12-10T00:00:00.000Z,2007,1427,1546,352572,,322763,1009
2020-12-11T00:00:00.000Z,1835,1142,1626,354407,,323905,1010
2020-12-12T00:00:00.000Z,1298,913,1671,355705,,324818,1051
2020-12-13T00:00:00.000Z,1727,1891,1714,357432,,326709,1097
2020-12-14T00:00:00.000Z,2322,1257,1767,359754,,327966,1169
2020-12-15T00:00:00.000Z,2893,1195,1832,362647,,329161,1220
2020-12-16T00:00:00.000Z,2860,1613,1993,365507,,330774,1263
2020-12-17T00:00:00.000Z,2847,1936,2134,368354,,332710,1348
2020-12-18T00:00:00.000Z,2791,1543,2254,371145,,334253,1421
2020-12-19T00:00:00.000Z,1888,1080,2391,373033,,335333,1478
2020-12-20T00:00:00.000Z,3094,2543,2475,376127,תחילת חיסונים מנה 1,337876,1502
2020-12-21T00:00:00.000Z,3860,1546,2670,379987,,339422,1595
2020-12-22T00:00:00.000Z,4381,1618,2890,384368,,341040,1636
2020-12-23T00:00:00.000Z,4037,2013,3103,388405,,343053,1697
2020-12-24T00:00:00.000Z,4049,2855,3271,392454,,345908,1754
2020-12-25T00:00:00.000Z,4005,2387,3442,396459,,348295,1885
2020-12-26T00:00:00.000Z,2658,1794,3616,399117,,350089,2006
2020-12-27T00:00:00.000Z,3533,4177,3726,402650,סגר שלישי,354266,2108
2020-12-28T00:00:00.000Z,5521,2466,3789,408171,,356732,2341
2020-12-29T00:00:00.000Z,5632,2375,4026,413803,,359107,2472
2020-12-30T00:00:00.000Z,5869,3714,4205,419672,,362821,2581
2020-12-31T00:00:00.000Z,5865,4233,4466,425537,,367054,2824
2021-01-01T00:00:00.000Z,6011,3434,4726,431548,,370488,3020
2021-01-02T00:00:00.000Z,4212,2031,5012,435760,,372519,3170
2021-01-03T00:00:00.000Z,5231,5543,5234,440991,,378062,3204
2021-01-04T00:00:00.000Z,8425,3068,5477,449416,,381130,3399
2021-01-05T00:00:00.000Z,8227,2944,5892,457643,,384074,3485
2021-01-06T00:00:00.000Z,7883,4754,6262,465526,,388828,3566
2021-01-07T00:00:00.000Z,7662,5828,6550,473188,,394656,3715
2021-01-08T00:00:00.000Z,8161,4814,6807,481349,הידוק סגר שלישי,399470,3943
2021-01-09T00:00:00.000Z,5164,3061,7114,486513,,402531,4140
2021-01-10T00:00:00.000Z,6955,8318,7250,493468,תחילת חיסונים מנה 2,410849,4287
2021-01-11T00:00:00.000Z,9728,4826,7496,503196,,415675,4683
2021-01-12T00:00:00.000Z,9296,4549,7682,512492,,420224,4935
2021-01-13T00:00:00.000Z,9470,7980,7835,521962,,428204,5164
2021-01-14T00:00:00.000Z,9297,9146,8062,531259,,437350,5625
2021-01-15T00:00:00.000Z,8428,7966,8295,539687,,445316,6099
2021-01-16T00:00:00.000Z,5085,4260,8334,544772,,449576,6549
2021-01-17T00:00:00.000Z,5659,10861,8322,550431,,460437,6720
2021-01-18T00:00:00.000Z,10120,6137,8137,560551,,466574,7084
2021-01-19T00:00:00.000Z,8632,5474,8193,569183,,472048,7271
2021-01-20T00:00:00.000Z,8361,8735,8098,577544,,480783,7403
2021-01-21T00:00:00.000Z,7268,9928,7940,584812,,490711,7511
2021-01-22T00:00:00.000Z,7387,8412,7650,592199,,499123,7623
2021-01-23T00:00:00.000Z,2447,4160,7501,594646,,503283,7686
2021-01-24T00:00:00.000Z,4935,10489,7124,599581,,513772,7672
2021-01-25T00:00:00.000Z,8716,5592,7021,608297,,519364,7619
2021-01-26T00:00:00.000Z,7817,5070,6820,616114,,524434,7541
2021-01-27T00:00:00.000Z,7751,8639,6704,623865,,533073,7483
2021-01-28T00:00:00.000Z,7196,9181,6617,631061,,542254,7470
2021-01-29T00:00:00.000Z,6775,7515,6607,637836,,549769,7363
2021-01-30T00:00:00.000Z,2627,3529,6519,640463,,553298,7235
2021-01-31T00:00:00.000Z,5238,10058,6545,645701,,563356,7145
2021-02-01T00:00:00.000Z,8930,5103,6588,654631,,568459,7083
2021-02-02T00:00:00.000Z,8021,4384,6619,662652,,572843,7013
2021-02-03T00:00:00.000Z,7463,8152,6648,670115,,580995,6915
2021-02-04T00:00:00.000Z,7261,8104,6607,677376,,589099,6846
2021-02-05T00:00:00.000Z,6599,7222,6616,683975,,596321,6692
2021-02-06T00:00:00.000Z,2658,3038,6591,686633,,599359,6650
2021-02-07T00:00:00.000Z,4605,9678,6595,691238,פתיחת סגר שלשי ,609037,6580
2021-02-08T00:00:00.000Z,7854,4968,6505,699092,,614005,6525
2021-02-09T00:00:00.000Z,6168,4899,6351,705260,,618904,6506
2021-02-10T00:00:00.000Z,5676,8215,6086,710936,,627119,6580
2021-02-11T00:00:00.000Z,5067,8705,5831,716003,,635824,6589
2021-02-12T00:00:00.000Z,4674,7192,5518,720677,,643016,6675
2021-02-13T00:00:00.000Z,1890,3381,5243,722567,,646397,6670
2021-02-14T00:00:00.000Z,3489,9562,5133,726056,,655959,6719
2021-02-15T00:00:00.000Z,5199,4846,4974,731255,,660805,6703
2021-02-16T00:00:00.000Z,4583,3727,4594,735838,,664532,6685
2021-02-17T00:00:00.000Z,4168,6478,4368,740006,,671010,6518
2021-02-18T00:00:00.000Z,3337,7439,4152,743343,,678449,6270
2021-02-19T00:00:00.000Z,3793,5879,3905,747136,,684328,6089
2021-02-20T00:00:00.000Z,1255,3368,3779,748391,,687696,5901
2021-02-21T00:00:00.000Z,3113,7362,3689,751504,פתיחה חלקית של המשק לאחר סגר שלישי,695058,5899
2021-02-22T00:00:00.000Z,4811,3645,3635,756315,,698703,5585
2021-02-23T00:00:00.000Z,4442,3150,3580,760757,,701853,5414
2021-02-24T00:00:00.000Z,4375,5337,3559,765132,,707190,5331
2021-02-25T00:00:00.000Z,3820,4974,3589,768952,,712164,5168
2021-02-26T00:00:00.000Z,3818,3731,3658,772770,,715895,4816
2021-02-27T00:00:00.000Z,1443,1560,3662,774213,,717455,4509
2021-02-28T00:00:00.000Z,3028,5619,3688,777241,,723074,4251
2021-03-01T00:00:00.000Z,4850,2727,3676,782091,,725801,4002
2021-03-02T00:00:00.000Z,4393,2909,3682,786484,,728710,3871
2021-03-03T00:00:00.000Z,4669,4571,3675,791153,,733281,3836
2021-03-04T00:00:00.000Z,3659,4752,3717,794812,,738033,3727
2021-03-05T00:00:00.000Z,3695,3952,3694,798507,,741985,3695
2021-03-06T00:00:00.000Z,1841,1908,3676,800348,,743893,3727
2021-03-07T00:00:00.000Z,2366,5671,3733,802714,פתיחת משק מלאה לאחר סגר שלישי,749564,3776
2021-03-08T00:00:00.000Z,3796,2664,3639,806510,,752228,3784
2021-03-09T00:00:00.000Z,3127,2903,3488,809637,,755131,3775
2021-03-10T00:00:00.000Z,2843,4530,3307,812480,,759661,3774
2021-03-11T00:00:00.000Z,2553,4946,3046,815033,,764607,3768
2021-03-12T00:00:00.000Z,2413,3875,2888,817446,,768482,3796
2021-03-13T00:00:00.000Z,787,2013,2705,818233,,770495,3785
2021-03-14T00:00:00.000Z,1417,5771,2555,819650,,776266,3800
2021-03-15T00:00:00.000Z,2130,2608,2419,821780,,778874,3814
2021-03-16T00:00:00.000Z,1563,2222,2181,823343,,781096,3806
2021-03-17T00:00:00.000Z,1541,3605,1958,824884,,784701,3709
2021-03-18T00:00:00.000Z,1256,3569,1772,826140,,788270,3577
2021-03-19T00:00:00.000Z,1087,2532,1586,827227,,790802,3380
2021-03-20T00:00:00.000Z,351,1450,1397,827578,,792252,3188
2021-03-21T00:00:00.000Z,681,3468,1335,828259,,795720,3108
2021-03-22T00:00:00.000Z,987,1673,1229,829246,,797393,2779
2021-03-23T00:00:00.000Z,694,736,1066,829940,,798129,2645
2021-03-24T00:00:00.000Z,479,2236,942,830419,,800365,2433
2021-03-25T00:00:00.000Z,899,2092,790,831318,,802457,2237
2021-03-26T00:00:00.000Z,544,1489,739,831862,,803946,2026
2021-03-27T00:00:00.000Z,241,856,662,832103,,804802,1877
2021-03-28T00:00:00.000Z,132,877,646,832235,,805679,1792
2021-03-29T00:00:00.000Z,384,1467,568,832619,,807146,1422
2021-03-30T00:00:00.000Z,455,808,481,833074,,807954,1393
2021-03-31T00:00:00.000Z,499,1070,447,833573,,809024,1403
2021-04-01T00:00:00.000Z,334,1061,450,833907,,810085,1237
2021-04-02T00:00:00.000Z,419,633,369,834326,,810718,1089
2021-04-03T00:00:00.000Z,124,460,352,834450,,811178,967
2021-04-04T00:00:00.000Z,197,1047,335,834647,,812225,910
2021-04-05T00:00:00.000Z,383,508,344,835030,,812733,935
2021-04-06T00:00:00.000Z,307,491,344,835337,,813224,798
2021-04-07T00:00:00.000Z,273,425,323,835610,,813649,752
2021-04-08T00:00:00.000Z,212,636,291,835822,,814285,660
2021-04-09T00:00:00.000Z,226,577,273,836048,,814862,600
2021-04-10T00:00:00.000Z,86,385,246,836134,,815247,592
2021-04-11T00:00:00.000Z,141,777,240,836275,,816024,581
2021-04-12T00:00:00.000Z,224,357,232,836499,,816381,542
2021-04-13T00:00:00.000Z,198,378,209,836697,,816759,521
2021-04-14T00:00:00.000Z,195,482,194,836892,,817241,505
2021-04-15T00:00:00.000Z,95,260,183,836987,,817501,513
2021-04-16T00:00:00.000Z,110,365,166,837097,,817866,459
2021-04-17T00:00:00.000Z,88,211,149,837185,,818077,429
2021-04-18T00:00:00.000Z,199,543,150,837384,פתיחת לימודים ללא קפסולות,818620,404
2021-04-19T00:00:00.000Z,145,199,158,837529,,818819,370
2021-04-20T00:00:00.000Z,174,225,147,837703,,819044,348
2021-04-21T00:00:00.000Z,121,233,143,837824,,819277,326
2021-04-22T00:00:00.000Z,160,334,133,837984,,819611,290
2021-04-23T00:00:00.000Z,112,265,142,838096,,819876,301
2021-04-24T00:00:00.000Z,36,113,142,838132,,819989,287
2021-04-25T00:00:00.000Z,82,191,135,838214,,820180,273
2021-04-26T00:00:00.000Z,103,145,118,838317,,820325,222
2021-04-27T00:00:00.000Z,116,148,112,838433,,820473,215
2021-04-28T00:00:00.000Z,107,176,104,838540,,820649,204
2021-04-29T00:00:00.000Z,100,168,102,838640,,820817,196
2021-04-30T00:00:00.000Z,79,130,93,838719,,820947,172
2021-05-01T00:00:00.000Z,15,71,89,838734,,821018,153
2021-05-02T00:00:00.000Z,59,216,86,838793,,821234,147
2021-05-03T00:00:00.000Z,87,152,82,838880,,821386,150
2021-05-04T00:00:00.000Z,66,108,80,838946,,821494,151
2021-05-05T00:00:00.000Z,73,139,73,839019,,821633,145
2021-05-06T00:00:00.000Z,54,143,68,839073,,821776,140
2021-05-07T00:00:00.000Z,34,87,61,839107,,821863,137
2021-05-08T00:00:00.000Z,16,64,55,839123,,821927,130
2021-05-09T00:00:00.000Z,33,145,55,839156,,822072,129
2021-05-10T00:00:00.000Z,70,57,51,839226,,822129,119
2021-05-11T00:00:00.000Z,40,85,49,839266,,822214,106
2021-05-12T00:00:00.000Z,29,93,45,839295,,822307,102
2021-05-13T00:00:00.000Z,35,74,39,839330,,822381,96
2021-05-14T00:00:00.000Z,27,64,36,839357,,822445,86
2021-05-15T00:00:00.000Z,20,45,35,839377,,822490,83
2021-05-16T00:00:00.000Z,37,99,36,839414,,822589,80
2021-05-17T00:00:00.000Z,15,18,36,839429,,822607,73
2021-05-18T00:00:00.000Z,25,90,29,839454,,822697,68
2021-05-19T00:00:00.000Z,56,89,26,839510,,822786,69
2021-05-20T00:00:00.000Z,35,74,30,839545,,822860,68
2021-05-21T00:00:00.000Z,22,34,30,839567,,822894,68
2021-05-22T00:00:00.000Z,12,25,30,839579,,822919,64
2021-05-23T00:00:00.000Z,28,85,28,839607,,823004,61
2021-05-24T00:00:00.000Z,30,30,27,839637,,823034,59
2021-05-25T00:00:00.000Z,21,42,29,839658,,823076,61
2021-05-26T00:00:00.000Z,16,36,29,839674,,823112,54
2021-05-27T00:00:00.000Z,16,38,23,839690,,823150,46
2021-05-28T00:00:00.000Z,18,40,20,839708,,823190,41
2021-05-29T00:00:00.000Z,13,17,20,839721,,823207,42
2021-05-30T00:00:00.000Z,4,69,20,839725,,823276,41
2021-05-31T00:00:00.000Z,14,28,16,839739,,823304,38
2021-06-01T00:00:00.000Z,35,36,14,839774,,823340,38
2021-06-02T00:00:00.000Z,13,49,16,839787,,823389,37
2021-06-03T00:00:00.000Z,11,130,16,839798,,823519,39
2021-06-04T00:00:00.000Z,31,12,15,839829,,823531,52
2021-06-05T00:00:00.000Z,6,6,17,839835,,823537,48
2021-06-06T00:00:00.000Z,5,54,16,839840,,823591,47
2021-06-07T00:00:00.000Z,7,52,16,839847,,823643,45
2021-06-08T00:00:00.000Z,30,15,15,839877,,823658,48
2021-06-09T00:00:00.000Z,9,21,14,839886,,823679,45
2021-06-10T00:00:00.000Z,18,32,14,839904,,823711,41
2021-06-11T00:00:00.000Z,18,19,15,839922,,823730,27
2021-06-12T00:00:00.000Z,5,14,13,839927,,823744,28
2021-06-13T00:00:00.000Z,3,28,13,839930,,823772,29
2021-06-14T00:00:00.000Z,26,21,12,839956,,823793,25
2021-06-15T00:00:00.000Z,27,15,15,839983,,823808,21
2021-06-16T00:00:00.000Z,14,10,15,839997,,823818,21
2021-06-17T00:00:00.000Z,29,44,15,840026,,823862,19
2021-06-18T00:00:00.000Z,35,12,17,840061,,823874,21
2021-06-19T00:00:00.000Z,47,9,19,840108,,823883,20
2021-06-20T00:00:00.000Z,53,87,25,840161,,823970,19
2021-06-21T00:00:00.000Z,125,38,33,840286,,824008,28
2021-06-22T00:00:00.000Z,113,10,47,840399,,824018,30
2021-06-23T00:00:00.000Z,153,25,59,840552,,824043,30
2021-06-24T00:00:00.000Z,247,40,79,840799,,824083,32
2021-06-25T00:00:00.000Z,240,16,110,841039,,824099,31
2021-06-26T00:00:00.000Z,122,15,139,841161,,824114,32
2021-06-27T00:00:00.000Z,145,72,150,841306,,824186,33
2021-06-28T00:00:00.000Z,289,57,163,841595,,824243,30
2021-06-29T00:00:00.000Z,303,75,187,841898,הפעלת התו הירוק במתחמים מעל 100 איש בגל הרביעי,824318,33
2021-06-30T00:00:00.000Z,347,93,214,842245,,824411,42
2021-07-01T00:00:00.000Z,299,163,241,842544,,824574,52
2021-07-02T00:00:00.000Z,369,136,249,842913,,824710,70
2021-07-03T00:00:00.000Z,189,96,267,843102,,824806,87
2021-07-04T00:00:00.000Z,352,286,277,843454,,825092,98
2021-07-05T00:00:00.000Z,504,194,306,843958,,825286,129
2021-07-06T00:00:00.000Z,550,174,337,844508,,825460,149
2021-07-07T00:00:00.000Z,527,243,372,845035,,825703,163
2021-07-08T00:00:00.000Z,472,326,398,845507,,826029,184
2021-07-09T00:00:00.000Z,543,247,423,846050,,826276,207
2021-07-10T00:00:00.000Z,261,132,448,846311,,826408,223
2021-07-11T00:00:00.000Z,443,423,458,846754,,826831,228
2021-07-12T00:00:00.000Z,765,280,471,847519,,827111,248
2021-07-13T00:00:00.000Z,750,326,508,848269,,827437,260
2021-07-14T00:00:00.000Z,773,449,537,849042,,827886,282
2021-07-15T00:00:00.000Z,878,562,572,849920,,828448,311
2021-07-16T00:00:00.000Z,1147,469,630,851067,,828917,345
2021-07-17T00:00:00.000Z,441,200,716,851508,,829117,377
2021-07-18T00:00:00.000Z,837,642,742,852345,,829759,387
2021-07-19T00:00:00.000Z,1401,444,798,853746,,830203,418
2021-07-20T00:00:00.000Z,1414,376,889,855160,,830579,441
2021-07-21T00:00:00.000Z,1373,641,984,856533,,831220,448
2021-07-22T00:00:00.000Z,1288,779,1070,857821,,831999,476
2021-07-23T00:00:00.000Z,1442,696,1128,859263,,832695,507
2021-07-24T00:00:00.000Z,972,405,1170,860235,,833100,539
2021-07-25T00:00:00.000Z,1437,1303,1246,861672,,834403,569
2021-07-26T00:00:00.000Z,2134,834,1332,863806,,835237,663
2021-07-27T00:00:00.000Z,2301,898,1437,866107,,836135,719
2021-07-28T00:00:00.000Z,2200,1149,1563,868307,,837284,793
2021-07-29T00:00:00.000Z,2180,1355,1682,870487,,838639,866
2021-07-30T00:00:00.000Z,2464,1228,1809,872951,,839867,948
2021-07-31T00:00:00.000Z,2104,582,1955,875055,,840449,1024
2021-08-01T00:00:00.000Z,2125,1904,2117,877180,תחילת חיסונים מנה 3,842353,1049
2021-08-02T00:00:00.000Z,3861,1110,2215,881041,,843463,1135
2021-08-03T00:00:00.000Z,3311,1251,2462,884352,,844714,1175
2021-08-04T00:00:00.000Z,3509,1839,2606,887861,,846553,1225
2021-08-05T00:00:00.000Z,3886,2255,2793,891747,,848808,1324
2021-08-06T00:00:00.000Z,3888,1901,3037,895635,,850709,1452
2021-08-07T00:00:00.000Z,2935,1008,3240,898570,,851717,1548
2021-08-08T00:00:00.000Z,3445,3257,3359,902015,,854974,1609
2021-08-09T00:00:00.000Z,6379,2001,3547,908394,,856975,1803
2021-08-10T00:00:00.000Z,5860,2349,3907,914254,,859324,1930
2021-08-11T00:00:00.000Z,6027,3250,4271,920281,,862574,2087
2021-08-12T00:00:00.000Z,6149,3622,4631,926430,,866196,2288
2021-08-13T00:00:00.000Z,5975,3237,4954,932405,,869433,2484
2021-08-14T00:00:00.000Z,4232,1570,5252,936637,,871003,2674
2021-08-15T00:00:00.000Z,5195,5060,5438,941832,,876063,2755
2021-08-16T00:00:00.000Z,8793,3411,5688,950625,,879474,3012
2021-08-17T00:00:00.000Z,7990,3313,6033,958615,,882787,3214
2021-08-18T00:00:00.000Z,8037,5270,6337,966652,,888057,3351
2021-08-19T00:00:00.000Z,7839,5836,6624,974491,,893893,3640
2021-08-20T00:00:00.000Z,7905,5451,6865,982396,,899344,3956
2021-08-21T00:00:00.000Z,5414,2711,7141,987810,,902055,4273
2021-08-22T00:00:00.000Z,6593,8166,7310,994403,,910221,4436
2021-08-23T00:00:00.000Z,10111,4975,7510,1004514,,915196,4879
2021-08-24T00:00:00.000Z,10085,4874,7698,1014599,,920070,5103
2021-08-25T00:00:00.000Z,9244,7691,7997,1023843,,927761,5326
2021-08-26T00:00:00.000Z,9123,8553,8170,1032966,,936314,5672
2021-08-27T00:00:00.000Z,8698,7878,8353,1041664,,944192,6060
2021-08-28T00:00:00.000Z,7279,3925,8466,1048943,,948117,6406
2021-08-29T00:00:00.000Z,6790,10654,8733,1055733,,958771,6580
2021-08-30T00:00:00.000Z,11155,6864,8761,1066888,,965635,6935
2021-08-31T00:00:00.000Z,10447,6335,8910,1077335,,971970,7205
2021-09-01T00:00:00.000Z,11300,9282,8962,1088635,,981252,7414
2021-09-02T00:00:00.000Z,11344,10505,9256,1099979,,991757,7641
2021-09-03T00:00:00.000Z,9912,9281,9573,1109891,,1001038,7920
2021-09-04T00:00:00.000Z,5066,5160,9746,1114957,,1006198,8120
2021-09-05T00:00:00.000Z,5867,12346,9430,1120824,,1018544,8297
2021-09-06T00:00:00.000Z,10870,9134,9298,1131694,,1027678,8539
2021-09-07T00:00:00.000Z,6865,4900,9258,1138559,,1032578,8863
2021-09-08T00:00:00.000Z,3320,5832,8746,1141879,,1038410,8658
2021-09-09T00:00:00.000Z,7959,13120,7606,1149838,,1051530,8165
2021-09-10T00:00:00.000Z,9899,11400,7122,1159737,,1062930,8539
2021-09-11T00:00:00.000Z,10291,5766,7120,1170028,,1068696,8841
2021-09-12T00:00:00.000Z,7808,12704,7867,1177836,,1081400,8928
2021-09-13T00:00:00.000Z,10953,7654,8144,1188789,,1089054,8979
2021-09-14T00:00:00.000Z,9857,6816,8156,1198646,,1095870,8768
2021-09-15T00:00:00.000Z,8865,10001,8583,1207511,,1105871,9041
2021-09-16T00:00:00.000Z,3286,3809,9376,1210797,,1109680,9637
2021-09-17T00:00:00.000Z,5024,6848,8708,1215821,,1116528,8307
2021-09-18T00:00:00.000Z,8619,3731,8012,1224440,,1120259,7656
2021-09-19T00:00:00.000Z,6555,15879,7773,1230995,,1136138,7366
2021-09-20T00:00:00.000Z,8828,10703,7594,1239823,,1146841,7819
2021-09-21T00:00:00.000Z,4827,4122,7290,1244650,,1150963,8255
2021-09-22T00:00:00.000Z,6024,11546,6572,1250674,,1162509,7870
2021-09-23T00:00:00.000Z,6452,9717,6166,1257126,,1172226,8091
2021-09-24T00:00:00.000Z,4990,7772,6618,1262116,,1179998,8935
2021-09-25T00:00:00.000Z,2653,3152,6613,1264769,,1183150,9067
2021-09-26T00:00:00.000Z,3873,5349,5761,1268642,,1188499,8984
2021-09-27T00:00:00.000Z,5246,8923,5378,1273888,,1197422,7480
2021-09-28T00:00:00.000Z,2441,5182,4866,1276329,,1202604,7225
2021-09-29T00:00:00.000Z,3635,9528,4525,1279964,,1212132,7377
2021-09-30T00:00:00.000Z,4397,6770,4184,1284361,,1218902,7089
2021-10-01T00:00:00.000Z,3622,4943,3890,1287983,,1223845,6668
2021-10-02T00:00:00.000Z,1739,3641,3695,1289722,,1227486,6263
2021-10-03T00:00:00.000Z,2700,7650,3564,1292422,הנחיות חדשות בתו הירוק ,1235136,6333
2021-10-04T00:00:00.000Z,3278,4473,3397,1295700,,1239609,6662
2021-10-05T00:00:00.000Z,2556,4066,3116,1298256,,1243675,6026
2021-10-06T00:00:00.000Z,2427,4644,3132,1300683,,1248319,5867
2021-10-07T00:00:00.000Z,2119,3941,2959,1302802,,1252260,5169
2021-10-08T00:00:00.000Z,2024,3126,2634,1304826,,1255386,4765
2021-10-09T00:00:00.000Z,1040,3002,2406,1305866,,1258388,4505
2021-10-10T00:00:00.000Z,1490,5184,2306,1307356,,1263572,4414
2021-10-11T00:00:00.000Z,2343,2690,2133,1309699,,1266262,4062
2021-10-12T00:00:00.000Z,1816,2938,1999,1311515,,1269200,3807
2021-10-13T00:00:00.000Z,1772,3217,1894,1313287,,1272417,3646
2021-10-14T00:00:00.000Z,1345,3134,1800,1314632,,1275551,3442
2021-10-15T00:00:00.000Z,1575,2195,1690,1316207,,1277746,3327
2021-10-16T00:00:00.000Z,740,1201,1625,1316947,,1278947,3194
2021-10-17T00:00:00.000Z,1221,3012,1583,1318168,,1281959,2937
2021-10-18T00:00:00.000Z,1508,1835,1544,1319676,,1283794,2626
2021-10-19T00:00:00.000Z,1150,1748,1425,1320826,,1285542,2504
2021-10-20T00:00:00.000Z,1036,2306,1330,1321862,,1287848,2334
2021-10-21T00:00:00.000Z,992,2327,1225,1322854,,1290175,2204
2021-10-22T00:00:00.000Z,983,1732,1174,1323837,,1291907,2089
2021-10-23T00:00:00.000Z,332,953,1090,1324169,,1292860,2023
2021-10-24T00:00:00.000Z,842,2250,1031,1325011,,1295110,1987
2021-10-25T00:00:00.000Z,930,1350,977,1325941,,1296460,1878
2021-10-26T00:00:00.000Z,729,1367,895,1326670,,1297827,1809
2021-10-27T00:00:00.000Z,648,1509,834,1327318,,1299336,1755
2021-10-28T00:00:00.000Z,661,1365,779,1327979,,1300701,1641
2021-10-29T00:00:00.000Z,617,1174,732,1328596,,1301875,1503
2021-10-30T00:00:00.000Z,225,641,679,1328821,,1302516,1424
2021-10-31T00:00:00.000Z,527,1390,664,1329348,,1303906,1379
2021-11-01T00:00:00.000Z,691,816,619,1330039,היתר כניסת תיירים לישראל על פי מתווה,1304722,1256
2021-11-02T00:00:00.000Z,665,868,585,1330704,,1305590,1180
2021-11-03T00:00:00.000Z,616,972,576,1331320,,1306562,1109
2021-11-04T00:00:00.000Z,519,988,571,1331839,,1307550,1032
2021-11-05T00:00:00.000Z,558,658,551,1332397,,1308208,978
2021-11-06T00:00:00.000Z,199,431,543,1332596,,1308639,904
2021-11-07T00:00:00.000Z,501,881,539,1333097,,1309520,874
2021-11-08T00:00:00.000Z,566,496,535,1333663,,1310016,802
2021-11-09T00:00:00.000Z,473,521,517,1334136,,1310537,756
2021-11-10T00:00:00.000Z,498,715,490,1334634,,1311252,706
2021-11-11T00:00:00.000Z,393,700,473,1335027,,1311952,670
2021-11-12T00:00:00.000Z,448,602,455,1335475,,1312554,628
2021-11-13T00:00:00.000Z,225,356,439,1335700,,1312910,620
2021-11-14T00:00:00.000Z,399,677,443,1336099,,1313587,610
2021-11-15T00:00:00.000Z,536,456,428,1336635,,1314043,581
2021-11-16T00:00:00.000Z,558,510,424,1337193,,1314553,575
2021-11-17T00:00:00.000Z,483,536,436,1337676,,1315089,573
2021-11-18T00:00:00.000Z,469,609,434,1338145,,1315698,548
2021-11-19T00:00:00.000Z,508,378,445,1338653,,1316076,535
2021-11-20T00:00:00.000Z,237,291,454,1338890,,1316367,503
2021-11-21T00:00:00.000Z,454,665,455,1339344,,1317032,493
2021-11-22T00:00:00.000Z,715,316,463,1340059,תחילת מבצע חיסונים לילדים בני 5-11,1317348,492
2021-11-23T00:00:00.000Z,603,334,489,1340662,,1317682,472
2021-11-24T00:00:00.000Z,543,506,495,1341205,,1318188,447
2021-11-25T00:00:00.000Z,539,555,504,1341744,,1318743,442
2021-11-26T00:00:00.000Z,542,392,514,1342286,,1319135,435
2021-11-27T00:00:00.000Z,169,308,519,1342455,,1319443,437
2021-11-28T00:00:00.000Z,542,767,509,1342997,,1320210,439
2021-11-29T00:00:00.000Z,700,451,521,1343697,,1320661,454
2021-11-30T00:00:00.000Z,577,547,519,1344274,,1321208,473
2021-12-01T00:00:00.000Z,563,630,516,1344837,,1321838,503
2021-12-02T00:00:00.000Z,520,643,518,1345357,,1322481,521
2021-12-03T00:00:00.000Z,486,520,516,1345843,,1323001,534
2021-12-04T00:00:00.000Z,248,314,508,1346091,,1323315,552
2021-12-05T00:00:00.000Z,539,719,519,1346630,,1324034,553
2021-12-06T00:00:00.000Z,739,445,519,1347369,,1324479,546
2021-12-07T00:00:00.000Z,813,504,524,1348182,,1324983,545
2021-12-08T00:00:00.000Z,714,633,558,1348896,,1325616,539
2021-12-09T00:00:00.000Z,647,673,579,1349543,,1326289,539
2021-12-10T00:00:00.000Z,607,548,598,1350150,,1326837,544
2021-12-11T00:00:00.000Z,236,540,615,1350386,,1327377,548
2021-12-12T00:00:00.000Z,492,705,613,1350878,,1328082,580
2021-12-13T00:00:00.000Z,772,424,606,1351650,,1328506,578
2021-12-14T00:00:00.000Z,702,461,611,1352352,,1328967,575
2021-12-15T00:00:00.000Z,789,663,595,1353141,,1329630,569
2021-12-16T00:00:00.000Z,862,831,606,1354003,,1330461,573
2021-12-17T00:00:00.000Z,877,697,637,1354880,,1331158,596
2021-12-18T00:00:00.000Z,393,427,675,1355273,,1331585,617
2021-12-19T00:00:00.000Z,1024,733,698,1356297,,1332318,601
2021-12-20T00:00:00.000Z,1330,502,774,1357627,,1332820,605
2021-12-21T00:00:00.000Z,1200,438,853,1358827,,1333258,616
2021-12-22T00:00:00.000Z,1415,630,925,1360242,,1333888,613
2021-12-23T00:00:00.000Z,1514,668,1014,1361756,,1334556,608
2021-12-24T00:00:00.000Z,1789,666,1107,1363545,,1335222,585
2021-12-25T00:00:00.000Z,806,455,1237,1364351,,1335677,580
2021-12-26T00:00:00.000Z,1805,901,1296,1366156,,1336578,584
2021-12-27T00:00:00.000Z,2973,769,1408,1369129,,1337347,608
2021-12-28T00:00:00.000Z,3241,1215,1643,1372370,,1338562,646
2021-12-29T00:00:00.000Z,4070,1216,1934,1376440,,1339778,757
2021-12-30T00:00:00.000Z,5079,1334,2314,1381519,,1341112,841
2021-12-31T00:00:00.000Z,5494,1156,2823,1387013,,1342268,936
2022-01-01T00:00:00.000Z,4230,1050,3352,1391243,,1343318,1006
2022-01-02T00:00:00.000Z,6609,1883,3841,1397852,תחילת חיסונים מנה 4 לבני 60 ומעלה ולצוותים רפואיים,1345201,1091
2022-01-03T00:00:00.000Z,10954,1457,4528,1408806,,1346658,1231
2022-01-04T00:00:00.000Z,12640,1850,5668,1421446,,1348508,1330
2022-01-05T00:00:00.000Z,18590,2712,7010,1440036,שינוי מדיניות בדיקות ובידודים - אנטיגן קובע מאומתים,1351220,1420
2022-01-06T00:00:00.000Z,19126,3549,9085,1459162,,1354769,1634
2022-01-07T00:00:00.000Z,22016,3707,11091,1481178,,1358476,1951
2022-01-08T00:00:00.000Z,22896,3143,13452,1504074,,1361619,2315
2022-01-09T00:00:00.000Z,31166,6194,16118,1535240,,1367813,2614
2022-01-10T00:00:00.000Z,41434,5026,19626,1576674,,1372839,3230
2022-01-11T00:00:00.000Z,47467,6986,23981,1624141,,1379825,3740
2022-01-12T00:00:00.000Z,48580,11767,28956,1672721,,1391592,4473
2022-01-13T00:00:00.000Z,49247,57983,33240,1721968,,1449575,5767
2022-01-14T00:00:00.000Z,45862,20069,37543,1767830,,1469644,13543
2022-01-15T00:00:00.000Z,45089,15846,40950,1812919,,1485490,15881
2022-01-16T00:00:00.000Z,64779,39551,44120,1877698,,1525041,17695
2022-01-17T00:00:00.000Z,72068,44964,48922,1949766,,1570005,22461
2022-01-18T00:00:00.000Z,73889,48366,53298,2023655,,1618371,28166
2022-01-19T00:00:00.000Z,75105,94513,57073,2098760,,1712884,34078
2022-01-20T00:00:00.000Z,75112,27958,60862,2173872,,1740842,45898
2022-01-21T00:00:00.000Z,65635,88523,64557,2239507,,1829365,41609
2022-01-22T00:00:00.000Z,67937,69516,67382,2307444,,1898881,51388
2022-01-23T00:00:00.000Z,85256,77210,70646,2392700,,1976091,59055
2022-01-24T00:00:00.000Z,83737,75475,73571,2476437,,2051566,64435
2022-01-25T00:00:00.000Z,76363,61329,75238,2552800,,2112895,68794
2022-01-26T00:00:00.000Z,67904,65592,75592,2620704,,2178487,70646
2022-01-27T00:00:00.000Z,57740,65390,74563,2678444,,2243877,66514
2022-01-28T00:00:00.000Z,53777,48820,72081,2732221,,2292697,71862
2022-01-29T00:00:00.000Z,49444,97446,70387,2781665,,2390143,66190
2022-01-30T00:00:00.000Z,74536,77350,67745,2856201,,2467493,70180
2022-01-31T00:00:00.000Z,67895,65931,66214,2924096,,2533424,70200
2022-02-01T00:00:00.000Z,60555,62745,63951,2984651,,2596169,68836
2022-02-02T00:00:00.000Z,60916,44190,61693,3045567,,2640359,69039
2022-02-03T00:00:00.000Z,46775,55927,60694,3092342,,2696286,65981
2022-02-04T00:00:00.000Z,38279,78432,59128,3130621,,2774718,64629
2022-02-05T00:00:00.000Z,33665,32918,56914,3164286,,2807636,68860
2022-02-06T00:00:00.000Z,52743,82497,54660,3217029,,2890133,59641
2022-02-07T00:00:00.000Z,44035,57927,51546,3261064,,2948060,60377
2022-02-08T00:00:00.000Z,38294,47125,48138,3299358,,2995185,59233
2022-02-09T00:00:00.000Z,37426,33131,44958,3336784,,3028316,57002
2022-02-10T00:00:00.000Z,27933,35125,41602,3364717,,3063441,55422
2022-02-11T00:00:00.000Z,22523,45692,38910,3387240,,3109133,52450
2022-02-12T00:00:00.000Z,18050,26461,36659,3405290,,3135594,47773
2022-02-13T00:00:00.000Z,31633,43311,34429,3436923,,3178905,46851
2022-02-14T00:00:00.000Z,23691,67388,31413,3460614,,3246293,41253
2022-02-15T00:00:00.000Z,20432,28167,28507,3481046,,3274460,42604
2022-02-16T00:00:00.000Z,21309,25125,25955,3502355,,3299585,39896
2022-02-17T00:00:00.000Z,15509,23868,23653,3517864,,3323453,38752
2022-02-18T00:00:00.000Z,12590,32575,21878,3530454,,3356028,37144
2022-02-19T00:00:00.000Z,10366,19232,20459,3540820,,3375260,35270
2022-02-20T00:00:00.000Z,17706,27766,19361,3558526,,3403026,34238
2022-02-21T00:00:00.000Z,13071,26419,17371,3571597,,3429445,32017
2022-02-22T00:00:00.000Z,12160,17796,15854,3583757,,3447241,26164
2022-02-23T00:00:00.000Z,11956,14108,14673,3595713,,3461349,24683
2022-02-24T00:00:00.000Z,9150,15684,13336,3604863,,3477033,23109
2022-02-25T00:00:00.000Z,7779,22139,12428,3612642,,3499172,21940
2022-02-26T00:00:00.000Z,5997,13353,11741,3618639,,3512525,20449
2022-02-27T00:00:00.000Z,10901,14506,11117,3629540,,3527031,19609
2022-02-28T00:00:00.000Z,8526,13692,10144,3638066,,3540723,17715
2022-03-01T00:00:00.000Z,7754,11734,9495,3645820,,3552457,15896
2022-03-02T00:00:00.000Z,8315,8464,8866,3654135,,3560921,15030
2022-03-03T00:00:00.000Z,6815,11182,8346,3660950,,3572103,14224
2022-03-04T00:00:00.000Z,6057,12510,8012,3667007,,3584613,13581
2022-03-05T00:00:00.000Z,4677,9353,7766,3671684,,3593966,12205
2022-03-06T00:00:00.000Z,7757,9623,7577,3679441,,3603589,11634
2022-03-07T00:00:00.000Z,7399,9330,7128,3686840,,3612919,10936
2022-03-08T00:00:00.000Z,6616,10491,6967,3693456,,3623410,10313
2022-03-09T00:00:00.000Z,6953,6621,6805,3700409,,3630031,10136
2022-03-10T00:00:00.000Z,5721,6519,6610,3706130,,3636550,9872
2022-03-11T00:00:00.000Z,5340,9724,6454,3711470,,3646274,9206
2022-03-12T00:00:00.000Z,3972,7151,6351,3715442,,3653425,8808
2022-03-13T00:00:00.000Z,5994,9052,6251,3721436,,3662477,8494
2022-03-14T00:00:00.000Z,6566,7830,5999,3728002,,3670307,8412
2022-03-15T00:00:00.000Z,6338,7236,5880,3734340,,3677543,8198
2022-03-16T00:00:00.000Z,6786,4888,5840,3741126,,3682431,7733
2022-03-17T00:00:00.000Z,6980,5250,5816,3748106,,3687681,7485
2022-03-18T00:00:00.000Z,7332,7112,5996,3755438,,3694793,7304
2022-03-19T00:00:00.000Z,7808,5862,6281,3763246,,3700655,6931
2022-03-20T00:00:00.000Z,12932,7417,6829,3776178,,3708072,6747
2022-03-21T00:00:00.000Z,14769,6632,7820,3790947,,3714704,6513
2022-03-22T00:00:00.000Z,13455,6849,8992,3804402,,3721553,6342
2022-03-23T00:00:00.000Z,14101,6044,10008,3818503,,3727597,6287
2022-03-24T00:00:00.000Z,12034,10147,11053,3830537,,3737744,6452
2022-03-25T00:00:00.000Z,11814,13801,11775,3842351,,3751545,7151
2022-03-26T00:00:00.000Z,9860,12418,12416,3852211,,3763963,8107
2022-03-27T00:00:00.000Z,15866,14103,12709,3868077,,3778066,9044
2022-03-28T00:00:00.000Z,15340,12848,13128,3883417,,3790914,9999
2022-03-29T00:00:00.000Z,14242,12465,13210,3897659,,3803379,10887
2022-03-30T00:00:00.000Z,12166,9525,13322,3909825,,3812904,11689
2022-03-31T00:00:00.000Z,10706,11414,13046,3920531,,3824318,12186
2022-04-01T00:00:00.000Z,10506,16308,12856,3931037,,3840626,12367
2022-04-02T00:00:00.000Z,7363,13247,12669,3938400,,3853873,12725
2022-04-03T00:00:00.000Z,10794,13780,12312,3949194,,3867653,12844
2022-04-04T00:00:00.000Z,10917,12255,11588,3960111,,3879908,12798
2022-04-05T00:00:00.000Z,9340,10952,10956,3969451,,3890860,12713
2022-04-06T00:00:00.000Z,8065,8613,10256,3977516,,3899473,12497
2022-04-07T00:00:00.000Z,6797,9117,9670,3984313,,3908590,12367
2022-04-08T00:00:00.000Z,6712,12532,9111,3991025,,3921122,12038
2022-04-09T00:00:00.000Z,4669,9579,8569,3995694,,3930701,11499
2022-04-10T00:00:00.000Z,6748,9295,8184,4002442,,3939996,10975
2022-04-11T00:00:00.000Z,6629,7787,7606,4009071,,3947783,10334
2022-04-12T00:00:00.000Z,5405,6937,6994,4014476,,3954720,9696
2022-04-13T00:00:00.000Z,4788,5836,6432,4019264,,3960556,9122
2022-04-14T00:00:00.000Z,4717,6028,5964,4023981,,3966584,8726
2022-04-15T00:00:00.000Z,3849,7554,5666,4027830,,3974138,8284
2022-04-16T00:00:00.000Z,2281,3863,5257,4030111,,3978001,7573
2022-04-17T00:00:00.000Z,4099,7461,4916,4034210,,3985462,6757
2022-04-18T00:00:00.000Z,4291,4887,4538,4038501,,3990349,6495
2022-04-19T00:00:00.000Z,4612,4846,4204,4043113,,3995195,6080
2022-04-20T00:00:00.000Z,4070,3662,4091,4047183,,3998857,5782
2022-04-21T00:00:00.000Z,3792,3539,3988,4050975,,4002396,5471
2022-04-22T00:00:00.000Z,2475,4734,3856,4053450,,4007130,5116
2022-04-23T00:00:00.000Z,2547,4387,3660,4055997,,4011517,4713
2022-04-24T00:00:00.000Z,3973,4930,3698,4059970,,4016447,4788
2022-04-25T00:00:00.000Z,4456,4417,3680,4064426,,4020864,4426
2022-04-26T00:00:00.000Z,3429,4271,3703,4067855,,4025135,4359
2022-04-27T00:00:00.000Z,2648,3071,3534,4070503,,4028206,4277
2022-04-28T00:00:00.000Z,2653,3572,3331,4073156,,4031778,4192
2022-04-29T00:00:00.000Z,2435,4832,3168,4075591,,4036610,4197
2022-04-30T00:00:00.000Z,1617,3960,3163,4077208,,4040570,4211
2022-05-01T00:00:00.000Z,2345,3742,3030,4079553,,4044312,4150
2022-05-02T00:00:00.000Z,2452,3111,2797,4082005,,4047423,3980
2022-05-03T00:00:00.000Z,2422,2755,2511,4084427,,4050178,3794
2022-05-04T00:00:00.000Z,2025,1941,2367,4086452,,4052119,3577
2022-05-05T00:00:00.000Z,1088,3117,2278,4087540,,4055236,3416
2022-05-06T00:00:00.000Z,2249,3006,2054,4089789,,4058242,3351
2022-05-07T00:00:00.000Z,1813,2718,2028,4091602,,4060960,3090
2022-05-08T00:00:00.000Z,2605,2613,2056,4094207,,4063573,2912
2022-05-09T00:00:00.000Z,2780,2076,2093,4096987,,4065649,2751
2022-05-10T00:00:00.000Z,2235,1823,2140,4099222,,4067472,2603
2022-05-11T00:00:00.000Z,2091,2100,2113,4101313,,4069572,2470
2022-05-12T00:00:00.000Z,2042,2875,2123,4103355,,4072447,2493
2022-05-13T00:00:00.000Z,1995,3217,2259,4105350,,4075664,2458
2022-05-14T00:00:00.000Z,1481,2566,2223,4106831,,4078230,2488
2022-05-15T00:00:00.000Z,2403,2436,2175,4109234,,4080666,2467
2022-05-16T00:00:00.000Z,2432,2031,2146,4111666,,4082697,2441
2022-05-17T00:00:00.000Z,2233,2468,2097,4113899,,4085165,2435
2022-05-18T00:00:00.000Z,2173,1785,2096,4116072,,4086950,2527
2022-05-19T00:00:00.000Z,1956,1853,2108,4118028,,4088803,2482
2022-05-20T00:00:00.000Z,1928,2389,2096,4119956,,4091192,2336
2022-05-21T00:00:00.000Z,666,2630,2086,4120622,,4093822,2218
